{
  "name": "Gramps Web Frontend Dev",
  "build": {
    "context": "..",
    "dockerfile": "Dockerfile"
  },
  "postCreateCommand": "npm install",
  "postStartCommand": "",
  "forwardPorts": [8001],
  "customizations": {
    "vscode": {
      "extensions": [
        "dbaeumer.vscode-eslint",
        "esbenp.prettier-vscode",
        "runem.lit-plugin",
        "github.vscode-pull-request-github"
      ],
      "settings": {
        "python.experiments.optOutFrom": ["pythonTestAdapter"],
        "editor.formatOnSave": true,
        "files.trimTrailingWhitespace": true,
        "[javascript]": {
          "editor.defaultFormatter": "esbenp.prettier-vscode"
        }
      }
    }
  }
}
